cliente_id,edad,region,ingresos_mensuales,gasto_mensual,visitas_mes,minutos_en_sitio,productos_vistos,compro
RB-0001,22,Norte,3524.11,3672.22,4,22.4,13,0
RB-0002,59,Oeste,2192.4,1589.55,29,266.4,154,1
RB-0003,52,,3163.56,1599.72,29,366.2,34,1
RB-0004,41,Norte,3308.91,2604.79,5,45.2,6,1
RB-0005,40,Norte,4452.6,2341.79,2,20.4,4,1
RB-0006,63,Norte,2617.35,2358.0,22,133.5,63,0
RB-0007,22,Oeste,3138.44,2368.29,3,10.5,6,0
RB-0008,54,Centro,1463.45,1293.78,19,104.6,89,0
RB-0009,28,Este,3871.37,3761.49,2,27.1,4,1
RB-0010,22,Centro,2115.54,1750.33,21,194.7,20,0
RB-0011,45,Centro,2295.32,1876.34,7,34.8,19,0
RB-0012,69,Norte,2779.98,2509.61,3,21.4,14,0
RB-0013,56,Oeste,1393.4,1331.36,2,23.9,10,1
RB-0014,58,Sur,3005.89,2920.02,6,59.1,27,1
RB-0015,56,Centro,3670.72,1732.06,17,144.6,61,1
RB-0016,59,Centro,3063.64,2401.02,3,37.7,13,1
RB-0017,45,,1369.99,794.27,25,247.6,106,1
RB-0018,24,Oeste,2688.57,2597.72,19,181.1,34,0
RB-0019,62,,3467.83,2909.64,9,34.8,32,1
RB-0020,41,Centro,1109.81,779.23,30,84.9,142,1
RB-0021,44,Sur,1832.71,1031.56,20,271.3,45,1
RB-0022,37,Centro,3588.89,2345.03,21,188.7,86,1
RB-0023,27,Norte,3043.09,2654.39,6,40.2,19,0
RB-0024,67,Norte,3170.77,1815.63,22,195.0,72,1
RB-0025,59,Sur,4473.55,2264.29,17,38.6,17,1
RB-0026,52,Sur,3221.7,3166.34,30,353.3,125,0
RB-0027,39,Sur,3392.1,3081.81,15,63.1,79,0
RB-0028,61,Centro,5239.67,2985.97,21,242.7,27,1
RB-0029,46,Centro,2607.58,1630.75,11,90.0,28,1
RB-0030,41,Sur,2081.91,2151.12,2,9.9,2,0
RB-0031,41,Sur,3185.02,2786.61,4,7.5,3,0
RB-0032,30,Norte,3195.09,2608.19,27,315.8,160,1
RB-0033,22,Centro,2325.96,1476.0,23,85.2,74,1
RB-0034,47,Sur,1870.84,1177.65,11,23.6,27,0
RB-0035,65,Norte,4878.86,2311.19,21,229.9,42,1
RB-0036,21,Sur,3094.16,2744.8,1,5.9,6,1
RB-0037,63,Centro,2140.94,1018.88,2,12.7,4,0
RB-0038,61,Norte,3624.34,1641.52,16,73.4,72,1
RB-0039,32,Centro,2701.77,2398.35,19,232.6,39,0
RB-0040,51,Centro,2572.41,2622.12,29,151.3,26,0
RB-0041,26,Este,3306.05,2988.34,23,94.9,98,1
RB-0042,58,Centro,1637.31,1200.12,8,42.9,4,0
RB-0043,55,Centro,3117.36,2311.92,25,101.0,105,0
RB-0044,36,Sur,4521.66,3217.98,15,82.1,28,1
RB-0045,21,Este,3219.56,2075.93,25,63.4,115,1
RB-0046,69,Centro,2461.41,1878.13,6,20.9,28,0
RB-0047,41,Sur,2343.61,1660.89,1,6.7,4,1
RB-0048,65,Centro,2430.69,1966.19,2,25.0,1,1
RB-0049,53,Sur,2571.43,2542.82,30,66.5,131,0
RB-0050,59,Centro,2459.97,2575.6,3,12.5,18,1
RB-0051,58,Este,3624.68,1802.36,29,372.8,53,1
RB-0052,28,Oeste,1240.11,844.28,22,277.8,44,1
RB-0053,37,Oeste,3575.8,1996.81,5,50.0,25,1
RB-0054,42,Centro,2458.28,1625.59,26,117.2,36,0
RB-0055,44,Centro,3139.25,1954.13,5,33.7,21,1
RB-0056,20,Este,1785.71,990.57,5,20.7,23,0
RB-0057,46,Sur,3995.77,3629.94,18,55.9,13,0
RB-0058,26,,3921.07,2932.07,9,56.2,32,1
RB-0059,57,Centro,3663.63,3669.3,9,78.3,33,0
RB-0060,54,Norte,1436.72,674.62,6,36.0,13,0
RB-0061,66,Norte,3546.21,1738.31,19,173.6,101,1
RB-0062,57,Este,3164.37,2189.63,1,5.2,1,0
RB-0063,37,Norte,1355.26,675.14,8,46.6,20,1
RB-0064,69,Sur,2778.13,1688.1,17,193.5,88,1
RB-0065,39,Sur,3128.08,3258.26,15,187.2,23,0
RB-0066,35,Norte,3300.47,1899.01,21,116.0,105,1
RB-0067,65,Sur,2959.54,1683.6,7,60.5,7,1
RB-0068,37,Este,3062.11,2431.88,20,99.5,64,0
RB-0069,22,Norte,4126.25,3089.73,23,49.8,21,0
RB-0070,42,Este,3903.43,3115.96,12,128.7,51,1
RB-0071,60,Oeste,800.0,540.83,8,29.1,39,0
RB-0072,28,Sur,2514.31,2378.68,17,116.0,88,0
RB-0073,42,,2651.81,1413.81,18,136.6,106,1
RB-0074,24,Centro,1223.11,864.78,3,11.4,13,0
RB-0075,54,Norte,2884.76,2492.02,17,45.6,80,0
RB-0076,43,Sur,3923.88,3809.86,5,29.3,16,0
RB-0077,35,Oeste,1822.09,1223.98,18,241.3,99,1
RB-0078,30,Oeste,3102.76,2453.19,28,257.3,113,1
RB-0079,47,Este,1975.76,971.05,17,106.5,91,1
RB-0080,53,Sur,,1212.21,23,45.7,41,0
RB-0081,67,Centro,4129.65,2029.65,10,90.0,32,1
RB-0082,41,Este,2311.7,2049.85,28,74.3,126,0
RB-0083,26,Sur,3215.99,2003.03,25,207.0,40,1
RB-0084,62,Centro,1115.9,986.73,28,305.2,47,0
RB-0085,51,Norte,4476.09,2192.56,23,156.3,135,1
RB-0086,55,Norte,3342.39,3233.86,20,104.9,58,0
RB-0087,23,Centro,2635.75,2507.44,16,33.5,24,0
RB-0088,34,Norte,3317.99,1670.13,28,50.7,65,0
RB-0089,58,Norte,1531.16,710.85,26,178.8,70,0
RB-0090,62,Este,,1869.44,13,163.0,51,1
RB-0091,41,Oeste,,2413.54,3,13.7,17,1
RB-0092,60,Centro,2616.34,1545.79,1,8.7,6,1
RB-0093,62,Este,2357.51,1836.42,8,80.4,33,1
RB-0094,38,Oeste,2277.41,1607.27,2,4.5,9,0
RB-0095,65,,3425.2,3176.24,7,23.9,16,0
RB-0096,33,Sur,3030.32,2252.55,4,22.6,21,1
RB-0097,30,Sur,3386.57,2541.27,30,296.3,51,0
RB-0098,54,Norte,2792.08,2913.41,3,21.0,3,0
RB-0099,51,Este,3261.88,1761.67,19,202.9,111,1
RB-0100,25,,2423.04,2298.07,11,135.8,58,1
RB-0101,62,Centro,4806.76,2312.29,6,65.9,13,1
RB-0102,28,Norte,1388.86,1023.02,22,305.9,93,1
RB-0103,60,Norte,3934.84,3863.23,30,327.9,92,0
RB-0104,18,Oeste,4031.12,3422.94,24,291.7,55,0
RB-0105,60,,2033.06,1750.73,30,357.1,62,0
RB-0106,59,Norte,4806.35,2922.21,18,191.3,22,1
RB-0107,59,Sur,3695.94,2591.39,21,242.0,74,1
RB-0108,53,Centro,3674.03,2461.41,5,65.9,15,1
RB-0109,42,Centro,2825.22,2155.26,26,193.4,86,0
RB-0110,55,Centro,2604.5,1894.35,23,218.0,39,1
RB-0111,32,Norte,2611.53,1687.41,8,63.5,45,1
RB-0112,59,Norte,3151.48,1995.8,11,133.5,44,1
RB-0113,47,Este,4061.07,2438.72,19,130.9,104,1
RB-0114,42,Centro,2963.18,1982.45,1,11.7,1,0
RB-0115,44,Centro,1979.7,1068.97,25,287.3,98,1
RB-0116,48,,,3447.28,9,121.7,47,1
RB-0117,19,,3629.04,2944.14,3,13.8,7,0
RB-0118,25,Norte,3389.19,1797.19,10,103.7,16,1
RB-0119,31,Sur,3470.95,3006.94,26,285.0,51,0
RB-0120,24,Centro,2556.16,2450.33,9,118.8,18,1
RB-0121,41,Sur,1963.91,1163.66,17,218.2,50,1
RB-0122,53,Este,,1090.79,25,216.7,57,0
RB-0123,52,Centro,1328.08,604.5,2,17.5,4,0
RB-0124,42,Este,3013.25,1441.39,23,82.6,94,0
RB-0125,63,Oeste,2724.9,2472.44,9,123.2,7,1
RB-0126,47,Centro,2404.01,2505.73,21,98.4,50,0
RB-0127,22,Oeste,800.0,381.54,6,63.4,26,1
RB-0128,58,Centro,1677.41,1507.73,5,57.2,7,0
RB-0129,48,Oeste,3808.76,1878.17,24,168.4,41,1
RB-0130,51,Sur,2201.84,1773.1,25,103.5,40,0
RB-0131,47,Centro,3124.53,2823.47,30,115.9,15,0
RB-0132,47,Centro,1548.38,1030.48,21,256.3,65,1
RB-0133,22,Norte,4094.83,1869.54,14,110.4,10,1
RB-0134,47,Sur,2670.38,2155.3,6,15.8,12,0
RB-0135,60,,3061.04,3198.01,9,94.2,54,0
RB-0136,34,,4893.2,2958.28,20,92.5,111,1
RB-0137,49,Norte,4164.8,2347.68,11,137.0,19,1
RB-0138,19,Sur,2524.09,1323.52,15,80.5,33,0
RB-0139,36,Norte,2266.1,1774.7,6,24.0,18,0
RB-0140,41,Norte,2507.01,2025.33,14,35.9,72,0
RB-0141,70,Oeste,3258.91,3015.67,8,63.2,39,0
RB-0142,29,,2705.3,2439.76,4,28.5,5,0
RB-0143,32,Sur,2444.28,2408.9,4,43.6,5,0
RB-0144,39,Centro,4120.46,3846.3,16,116.9,45,0
RB-0145,70,Norte,2697.21,1613.9,11,63.8,58,1
RB-0146,63,Sur,4869.63,3815.48,3,14.3,16,0
RB-0147,19,Este,2881.67,1810.98,16,79.6,17,0
RB-0148,30,Centro,4406.79,2855.03,5,65.5,18,1
RB-0149,61,Oeste,3121.59,3150.2,1,3.6,1,0
RB-0150,21,Centro,3666.66,3150.17,4,55.4,17,1
RB-0151,63,Centro,2147.85,2222.5,14,78.2,78,0
RB-0152,32,Este,2031.62,1422.43,29,75.5,87,0
RB-0153,66,Oeste,3213.74,2482.49,8,36.9,8,0
RB-0154,33,Este,3689.7,2738.75,9,20.1,33,0
RB-0155,41,Oeste,2836.23,1458.88,8,91.0,22,1
RB-0156,53,Este,1642.25,972.25,11,87.0,55,1
RB-0157,24,Oeste,1575.77,1207.96,22,125.7,52,0
RB-0158,47,Norte,1515.58,743.28,10,97.8,53,1
RB-0159,44,Este,1209.14,1219.87,20,187.7,40,0
RB-0160,59,Sur,2898.54,1519.72,27,357.7,37,1
RB-0161,70,Centro,3812.54,2168.53,29,392.0,63,1
RB-0162,53,Centro,2787.93,2534.77,17,170.1,12,0
RB-0163,39,Oeste,800.0,406.53,22,257.9,45,1
RB-0164,39,Oeste,2628.32,2602.48,28,319.3,116,1
RB-0165,40,Sur,2653.48,2349.45,24,183.4,31,0
RB-0166,61,Este,4686.4,2301.83,9,92.8,10,1
RB-0167,35,Este,1488.58,1287.78,4,9.9,5,0
RB-0168,26,Sur,2448.39,2029.66,4,43.9,4,1
RB-0169,35,Norte,4335.27,3920.86,27,365.1,143,1
RB-0170,19,Norte,3204.98,3034.86,17,43.6,97,0
RB-0171,23,Este,3306.98,2913.48,9,107.6,7,0
RB-0172,22,Centro,2903.13,2327.46,11,144.8,51,1
RB-0173,58,,3096.95,1992.82,9,38.9,41,1
RB-0174,56,Centro,3499.85,3039.14,25,201.5,150,1
RB-0175,54,Oeste,2071.46,2121.55,19,248.9,46,1
RB-0176,42,Sur,3590.25,2881.22,27,364.6,56,1
RB-0177,56,Este,1564.3,1327.48,10,31.0,30,0
RB-0178,26,Norte,3095.53,2204.87,15,87.9,78,0
RB-0179,65,Centro,2960.87,2675.66,4,40.9,18,1
RB-0180,44,Este,2245.34,2354.46,30,128.1,93,0
RB-0181,67,Oeste,2779.58,1518.3,16,89.0,30,1
RB-0182,26,Este,2239.71,1279.87,17,30.4,76,1
RB-0183,44,,1835.47,1420.03,13,44.4,68,1
RB-0184,54,Sur,2481.75,1833.58,9,76.8,24,1
RB-0185,44,Norte,1806.41,1432.38,29,280.2,121,1
RB-0186,41,Norte,3090.52,1481.73,15,144.2,41,1
RB-0187,26,,1764.92,1222.32,21,235.8,66,1
RB-0188,38,Este,3440.78,2751.89,2,13.4,7,1
RB-0189,30,Este,1736.67,1391.27,9,44.3,43,0
RB-0190,33,Oeste,2290.33,1933.96,25,42.4,147,0
RB-0191,54,,2237.86,1974.08,3,12.2,9,0
RB-0192,51,Este,3992.63,3333.56,4,21.6,10,0
RB-0193,50,Norte,3097.26,2862.32,25,93.2,64,0
RB-0194,37,Norte,2609.44,2152.41,10,17.5,12,0
RB-0195,68,Centro,3248.85,2509.75,9,31.2,19,0
RB-0196,22,Oeste,903.53,735.22,17,167.0,17,0
RB-0197,36,Norte,2761.18,1410.18,6,56.2,17,1
RB-0198,24,Centro,4597.76,2822.54,2,26.4,3,1
RB-0199,35,Centro,2919.11,2237.32,1,11.5,2,1
RB-0200,68,Norte,2861.12,2786.14,3,25.8,15,1
RB-0201,37,Sur,3293.32,2823.79,5,16.1,9,0
RB-0202,66,Oeste,3606.04,1818.33,21,179.6,81,1
RB-0203,44,Centro,1002.28,807.2,9,20.4,49,0
RB-0204,55,Norte,1285.91,749.74,3,20.7,11,0
RB-0205,42,Oeste,2989.26,2661.67,1,6.4,2,0
RB-0206,32,Sur,2156.61,2041.15,15,102.7,36,0
RB-0207,58,Oeste,3980.82,3208.83,26,129.9,97,0
RB-0208,69,Sur,2516.34,2025.19,11,110.8,36,1
RB-0209,31,Centro,1058.92,691.64,2,24.0,3,0
RB-0210,59,Sur,1658.79,1190.6,7,77.7,21,1
RB-0211,31,Sur,800.0,774.77,15,140.2,52,0
RB-0212,55,Oeste,2589.29,2288.91,6,49.4,12,0
RB-0213,59,Norte,2630.45,2004.01,30,56.7,116,0
RB-0214,41,Norte,2417.98,1622.32,23,242.3,20,1
RB-0215,57,Sur,3770.99,1810.93,11,91.4,26,1
RB-0216,32,Este,3878.67,2078.21,29,141.6,143,1
RB-0217,22,Este,2646.65,1497.51,10,56.0,19,0
RB-0218,23,Oeste,878.78,592.32,5,66.0,19,1
RB-0219,41,Sur,3355.55,3410.87,29,269.8,80,0
RB-0220,65,Sur,3299.82,2485.07,29,216.0,65,0
RB-0221,24,Norte,3078.45,1819.07,10,92.6,55,1
RB-0222,42,Centro,3683.33,1891.21,18,120.1,43,1
RB-0223,55,Oeste,1751.65,1143.8,6,44.3,11,0
RB-0224,28,Este,4607.88,4328.82,20,102.6,110,0
RB-0225,56,Centro,1936.52,1316.84,21,147.0,97,1
RB-0226,34,Sur,3474.3,3173.79,22,221.5,93,1
RB-0227,60,Oeste,1281.39,1193.77,18,36.0,14,0
RB-0228,48,Centro,1962.76,1013.75,22,251.6,27,0
RB-0229,46,Norte,4164.73,3395.07,17,85.6,68,0
RB-0230,27,Sur,2565.19,2630.49,25,250.8,41,0
RB-0231,42,Norte,3555.93,2458.15,6,57.2,10,1
RB-0232,63,Norte,3013.26,1448.07,15,144.9,72,1
RB-0233,19,Norte,2705.54,2716.31,13,118.3,27,0
RB-0234,58,Centro,4027.47,3947.73,17,229.3,15,1
RB-0235,44,Centro,2587.01,1974.63,5,39.3,4,0
RB-0236,56,Sur,1197.34,935.54,10,106.5,29,1
RB-0237,53,Sur,2077.08,1198.57,29,299.2,113,1
RB-0238,40,Oeste,3296.07,3103.81,4,17.8,21,0
RB-0239,34,Este,3155.96,2364.32,20,100.8,22,0
RB-0240,51,Centro,,653.59,20,136.0,32,0
RB-0241,25,Sur,2148.09,1846.95,15,74.6,51,0
RB-0242,48,Oeste,2276.45,2322.66,2,12.2,5,0
RB-0243,23,Norte,2471.08,2341.32,2,12.8,6,0
RB-0244,52,Sur,,962.49,9,81.4,50,1
RB-0245,51,Oeste,2234.47,1077.0,4,17.0,14,1
RB-0246,22,Centro,2144.25,2174.72,3,34.7,8,0
RB-0247,58,Este,3494.38,3537.14,5,34.8,30,1
RB-0248,40,Centro,3528.21,2714.78,6,62.0,5,0
RB-0249,59,Centro,2668.77,2229.46,26,65.5,146,0
RB-0250,20,Sur,2447.16,1780.46,20,147.5,65,1
RB-0251,27,Norte,2925.93,2053.59,1,1.9,3,0
RB-0252,44,Sur,2065.08,1077.29,19,189.0,106,1
RB-0253,27,Norte,1767.85,898.16,5,29.0,16,0
RB-0254,35,Oeste,1953.8,1152.04,13,173.8,38,1
RB-0255,53,Sur,2228.67,2121.66,2,11.1,4,0
RB-0256,25,Centro,1752.87,942.17,3,25.6,12,1
RB-0257,53,Este,2945.85,1726.32,4,18.9,15,1
RB-0258,23,Este,3456.74,2693.38,14,129.5,24,1
RB-0259,27,Sur,1371.61,794.27,14,102.7,62,0
RB-0260,49,Centro,2822.62,1546.58,11,67.5,44,1
RB-0261,60,Oeste,2602.06,2050.4,19,76.9,51,1
RB-0262,27,Centro,3107.36,2084.59,22,63.7,12,0
RB-0263,33,Este,2788.36,2302.34,22,66.0,65,0
RB-0264,67,Oeste,1491.76,1487.77,18,251.8,10,0
RB-0265,70,Este,1663.85,899.47,17,113.1,16,0
RB-0266,48,Norte,2826.48,2821.0,15,22.9,43,0
RB-0267,41,Centro,3725.9,3694.21,8,107.3,8,0
RB-0268,36,Norte,807.23,764.81,15,26.2,30,0
RB-0269,50,Centro,3111.15,2578.43,1,6.7,4,0
RB-0270,49,Oeste,3870.66,3182.02,29,303.6,64,1
RB-0271,33,Centro,2662.28,2219.08,12,155.2,72,1
RB-0272,19,Sur,3295.18,2848.02,23,239.5,127,1
RB-0273,26,Norte,2167.24,996.69,29,211.6,108,1
RB-0274,68,Oeste,2692.57,2759.5,15,205.2,87,1
RB-0275,40,Norte,1341.18,1074.77,26,51.8,137,0
RB-0276,43,Norte,800.0,735.1,15,207.5,34,1
RB-0277,42,,3648.49,2467.73,4,48.5,18,1
RB-0278,59,Norte,1913.5,875.31,1,13.1,1,1
RB-0279,21,Centro,2390.02,1806.47,5,23.4,21,0
RB-0280,22,Centro,1552.2,1170.85,29,95.1,93,0
RB-0281,32,Sur,1531.03,1090.39,15,146.9,9,0
RB-0282,43,Norte,2643.55,1728.43,10,79.5,20,1
RB-0283,53,Norte,2143.38,1285.8,14,112.6,81,1
RB-0284,44,Sur,3140.17,2407.02,8,104.5,18,1
RB-0285,41,Norte,,2165.45,27,249.8,40,1
RB-0286,67,Centro,3088.76,3187.47,30,161.6,46,0
RB-0287,26,Norte,3014.74,1669.43,3,19.5,9,1
RB-0288,48,Sur,4219.99,2708.39,22,69.7,113,0
RB-0289,46,Sur,,1152.01,11,42.9,51,1
RB-0290,43,Sur,2750.56,2134.39,2,6.6,6,0
RB-0291,60,Norte,3819.42,2862.92,28,325.6,46,1
RB-0292,32,Norte,3938.09,3293.21,2,20.6,2,0
RB-0293,68,Oeste,1520.41,1550.82,7,56.9,21,0
RB-0294,35,Norte,2518.88,1564.56,1,6.2,5,1
RB-0295,46,Centro,4022.31,3481.96,15,147.8,68,1
RB-0296,45,Centro,3257.27,1514.71,18,209.9,49,1
RB-0297,63,Sur,2975.74,1807.56,10,125.2,38,1
RB-0298,41,Sur,2604.08,1896.37,3,25.0,9,1
RB-0299,33,Este,2454.58,1150.21,4,47.0,15,1
RB-0300,19,Este,3059.4,2510.55,29,228.8,97,0
RB-0301,37,Sur,2572.86,2204.91,25,185.8,106,1
RB-0302,61,Sur,2761.68,2480.1,29,357.2,95,1
RB-0303,18,Norte,2870.74,2181.6,16,101.3,91,1
RB-0304,65,Centro,2189.74,1778.87,17,109.6,49,0
RB-0305,46,Centro,3278.92,2254.71,24,127.5,14,0
RB-0306,25,Norte,5422.82,2574.49,19,151.7,34,1
RB-0307,34,Sur,,612.33,14,116.3,46,1
RB-0308,47,Oeste,3091.61,2606.22,9,87.8,31,1
RB-0309,34,Norte,2115.83,2215.98,15,103.2,53,0
RB-0310,23,Centro,,1525.32,2,8.4,9,1
RB-0311,53,Este,2841.9,2229.61,6,74.0,12,1
RB-0312,53,Norte,3485.67,3139.21,23,134.0,96,0
RB-0313,24,Norte,3857.96,3649.88,27,352.0,118,1
RB-0314,32,Norte,2973.18,2310.53,4,16.4,11,0
RB-0315,30,Oeste,3818.85,3138.9,3,25.5,8,0
RB-0316,52,Norte,800.0,694.43,3,24.6,4,0
RB-0317,56,Norte,4231.41,4084.92,24,284.6,67,1
RB-0318,56,Norte,3137.56,1642.12,10,32.4,48,1
RB-0319,67,Norte,3770.06,3791.58,10,128.7,55,1
RB-0320,58,Centro,1702.11,792.52,1,8.1,4,1
RB-0321,34,Norte,2052.31,1953.22,30,264.8,64,0
RB-0322,23,Centro,2931.34,1454.07,14,110.3,60,1
RB-0323,50,Centro,,1578.29,24,46.8,110,1
RB-0324,66,Este,3054.76,1381.78,22,169.7,51,1
RB-0325,69,Norte,3776.06,2708.02,5,24.0,25,1
RB-0326,30,Oeste,1211.3,788.09,25,144.6,23,0
RB-0327,30,,3676.44,2020.56,17,163.4,10,1
RB-0328,19,Norte,2807.45,2023.2,19,146.7,22,0
RB-0329,25,Este,2616.6,1809.18,7,18.7,10,0
RB-0330,47,Oeste,1476.0,1344.04,26,62.7,139,0
RB-0331,46,Sur,3252.74,3206.81,28,107.0,79,0
RB-0332,37,Oeste,800.0,673.23,13,50.5,26,0
RB-0333,34,Centro,3383.55,1775.17,3,27.3,9,1
RB-0334,61,Centro,1457.1,913.94,26,96.8,69,0
RB-0335,42,Oeste,2848.11,2842.39,27,338.1,58,1
RB-0336,60,Sur,2692.75,1355.1,16,66.0,20,1
RB-0337,69,Este,3852.58,2674.13,18,47.5,74,1
RB-0338,34,Sur,2639.21,2680.13,7,87.1,9,0
RB-0339,28,Este,2175.28,2219.65,3,15.6,14,0
RB-0340,68,Centro,2344.06,1633.16,29,197.7,47,0
RB-0341,51,Norte,3945.59,3355.48,15,202.3,68,1
RB-0342,33,Sur,3282.67,2376.81,9,119.7,44,1
RB-0343,50,Sur,,2212.73,21,219.2,25,0
RB-0344,45,Norte,2587.2,1213.26,1,2.4,1,0
RB-0345,65,Norte,1389.54,745.48,3,26.8,17,1
RB-0346,31,Sur,3149.63,2578.03,8,110.9,24,0
RB-0347,70,Norte,1216.17,716.97,14,186.7,56,1
RB-0348,67,Norte,3476.62,2953.85,12,33.9,8,0
RB-0349,27,Este,2915.76,1926.54,6,38.7,12,1
RB-0350,26,Este,4948.26,4859.13,11,59.9,36,0
RB-0351,46,Este,1809.88,1704.1,11,34.3,59,0
RB-0352,20,Sur,2707.6,2019.06,16,163.0,32,1
RB-0353,33,Oeste,,4037.31,17,83.7,81,1
RB-0354,41,Centro,3872.25,2372.46,27,156.9,112,1
RB-0355,69,Norte,2173.41,1622.57,25,65.7,28,0
RB-0356,70,,3001.57,1706.36,9,69.5,19,1
RB-0357,26,Centro,2801.8,2708.03,28,97.4,51,0
RB-0358,65,Norte,3053.76,2882.26,16,110.4,47,0
RB-0359,22,Centro,2171.19,2152.28,6,19.8,24,0
RB-0360,57,Oeste,2719.61,2655.66,11,147.7,32,1
RB-0361,62,Norte,1361.75,1396.83,23,76.2,42,0
RB-0362,65,Norte,,1714.99,25,200.6,108,1
RB-0363,29,Oeste,3205.02,3234.17,12,47.5,45,0
RB-0364,65,Centro,2595.32,2057.38,5,12.3,17,0
RB-0365,24,Norte,1346.45,947.22,6,24.2,21,0
RB-0366,45,Oeste,3689.68,2900.92,4,8.7,7,0
RB-0367,42,Oeste,3128.07,2050.64,21,68.1,89,0
RB-0368,34,Centro,2146.59,1337.61,16,122.7,42,1
RB-0369,19,Centro,2547.46,1515.2,14,135.1,35,1
RB-0370,58,Sur,1449.4,723.91,21,54.4,28,0
RB-0371,35,Norte,,1403.98,25,175.3,95,0
RB-0372,53,Centro,2315.97,2275.8,24,210.4,92,0
RB-0373,39,Sur,3905.58,3234.18,5,22.1,12,0
RB-0374,37,Centro,2224.45,1696.33,18,110.7,94,1
RB-0375,64,Este,3376.19,2387.49,27,64.7,139,1
RB-0376,23,Norte,2315.52,1687.18,24,102.0,26,0
RB-0377,57,Centro,3023.15,1740.02,10,73.3,43,1
RB-0378,57,Norte,2672.74,2522.43,12,166.6,32,1
RB-0379,38,,,2040.4,27,376.7,162,1
RB-0380,31,Sur,2318.67,2040.37,1,13.7,2,1
RB-0381,18,Centro,1384.72,1254.54,16,108.6,33,0
RB-0382,67,Centro,1556.25,1237.1,4,10.0,12,0
RB-0383,68,Sur,2321.31,2246.46,27,149.7,53,0
RB-0384,30,Centro,1675.85,1046.79,2,8.9,9,0
RB-0385,19,Este,3169.19,3102.54,1,1.7,3,0
RB-0386,24,Centro,,2113.32,10,26.9,17,0
RB-0387,21,Este,4937.15,4587.85,7,50.2,23,0
RB-0388,62,Oeste,1236.06,1049.1,15,86.2,81,0
RB-0389,65,Sur,2983.27,2857.39,9,33.8,44,0
RB-0390,26,Centro,,1866.69,11,115.0,36,0
RB-0391,57,Norte,2355.94,1654.1,17,101.4,35,0
RB-0392,27,Este,2927.28,2746.81,17,206.5,25,0
RB-0393,37,Centro,800.0,717.4,29,130.9,155,0
RB-0394,49,Sur,3013.14,2174.65,15,123.4,66,1
RB-0395,56,Norte,4512.62,4540.46,17,64.6,62,0
RB-0396,64,Oeste,2391.91,1642.42,21,161.5,112,1
RB-0397,20,Sur,3033.83,2394.54,6,20.4,7,0
RB-0398,28,Centro,3722.43,1911.71,21,73.9,89,1
RB-0399,32,Norte,2652.44,1552.91,26,238.0,44,0
RB-0400,34,Oeste,2277.14,2173.34,10,48.0,12,0
RB-0401,70,,800.0,550.35,6,21.9,18,0
RB-0402,59,Norte,3376.89,2318.07,11,144.3,29,1
RB-0403,34,Oeste,2698.15,1612.38,9,18.3,51,1
RB-0404,69,Oeste,1888.58,1406.93,18,154.2,41,1
RB-0405,44,,2913.94,2720.13,26,217.2,130,0
RB-0406,44,Centro,2274.69,2245.34,18,83.4,83,1
RB-0407,40,Este,2324.42,1143.77,4,28.6,17,1
RB-0408,25,,3345.66,2659.44,10,26.0,56,0
RB-0409,67,Sur,1595.46,1165.27,21,220.8,58,1
RB-0410,18,Centro,3742.58,3063.56,10,42.7,26,0
RB-0411,27,Este,1542.08,1107.78,18,70.5,25,0
RB-0412,30,Este,2203.57,1518.67,21,114.2,42,0
RB-0413,32,Este,4530.65,3321.55,10,127.8,53,1
RB-0414,24,Centro,3814.62,3048.64,20,229.1,62,1
RB-0415,18,Norte,2887.84,2167.58,12,160.0,29,0
RB-0416,53,Oeste,1953.52,1432.49,5,48.2,8,0
RB-0417,69,Oeste,2323.65,2185.86,12,117.4,38,1
RB-0418,24,Este,2865.95,2571.87,14,105.0,62,1
RB-0419,33,Norte,,1855.63,1,12.8,2,1
RB-0420,44,Norte,2718.22,2528.89,27,212.9,126,0
RB-0421,67,Este,2772.25,2667.43,16,95.0,63,0
RB-0422,54,Norte,2607.06,1413.28,2,19.0,10,1
RB-0423,58,Oeste,1502.22,1201.19,27,224.8,51,0
RB-0424,48,Sur,2335.14,1450.56,26,79.3,103,0
RB-0425,40,Este,3623.16,3237.31,1,6.4,1,0
RB-0426,28,Oeste,1568.5,930.55,5,27.1,13,0
RB-0427,63,Sur,2629.4,2242.46,11,132.9,49,0
RB-0428,60,Sur,,1243.67,16,99.8,64,1
RB-0429,19,Centro,2900.22,2194.56,22,258.9,34,1
RB-0430,55,Centro,2450.23,2497.24,13,91.4,68,0
RB-0431,22,Sur,4129.65,2803.14,19,207.5,15,1
RB-0432,57,Centro,3255.92,3175.96,1,3.2,4,0
RB-0433,61,Oeste,1619.38,1687.66,20,261.2,118,1
RB-0434,24,Centro,,3318.7,28,210.2,96,0
RB-0435,40,Norte,2102.81,1155.54,16,76.0,78,1
RB-0436,24,Sur,2280.7,2147.95,14,63.3,53,0
RB-0437,48,Sur,3082.44,1446.56,9,43.3,43,1
RB-0438,67,Norte,2357.43,1617.15,29,176.4,119,1
RB-0439,22,Norte,,3504.26,1,10.5,4,1
RB-0440,39,Centro,2102.94,1815.37,9,120.3,16,1
RB-0441,69,Sur,2242.95,1726.27,5,49.3,23,1
RB-0442,33,Oeste,2209.27,1508.31,26,216.8,47,0
RB-0443,25,Norte,2290.93,2147.47,15,106.6,88,0
RB-0444,43,Norte,3789.27,3318.4,28,331.9,49,1
RB-0445,44,Este,3365.92,2460.63,20,242.4,36,0
RB-0446,53,Oeste,4338.95,4275.99,17,87.8,89,0
RB-0447,34,Sur,,2846.29,16,214.7,29,1
RB-0448,68,Norte,1872.35,1033.98,7,45.1,17,1
RB-0449,45,Norte,2863.38,2392.88,17,195.5,75,1
RB-0450,33,Centro,,1799.23,21,285.3,29,0
RB-0451,68,Centro,2100.15,1256.63,29,298.6,40,0
RB-0452,67,Sur,2232.93,1339.32,17,59.8,54,0
RB-0453,44,Norte,1848.56,986.58,29,256.0,53,1
RB-0454,19,Centro,1853.3,1790.91,29,86.6,52,0
RB-0455,49,Oeste,2670.14,1564.27,16,181.8,9,1
RB-0456,47,Centro,1704.95,1281.96,14,70.2,36,0
RB-0457,25,Centro,3557.91,3716.32,5,51.0,11,0
RB-0458,51,Norte,1974.02,902.69,9,115.9,6,1
RB-0459,62,Sur,5328.61,4177.05,27,101.6,106,1
RB-0460,23,Sur,2393.75,1812.96,5,32.1,20,1
RB-0461,56,Este,2864.82,2677.08,12,115.1,11,0
RB-0462,25,Oeste,1634.19,1083.74,21,141.7,47,0
RB-0463,57,Oeste,4335.48,3018.38,8,29.5,42,0
RB-0464,40,Oeste,,2097.06,30,55.9,111,0
RB-0465,18,,3067.22,2743.59,20,131.6,55,0
RB-0466,69,Oeste,1587.88,1462.16,1,9.6,3,1
RB-0467,26,Norte,2989.6,1590.46,8,69.4,13,1
RB-0468,49,Norte,1790.71,1228.56,23,79.4,114,1
RB-0469,27,Sur,4116.12,4057.44,26,185.5,144,1
RB-0470,67,Centro,3528.28,1593.46,28,171.3,154,1
RB-0471,57,Norte,2885.9,1815.97,26,128.1,45,0
RB-0472,60,Este,800.0,626.42,3,31.8,7,0
RB-0473,40,,1914.93,1245.58,22,118.2,30,0
RB-0474,42,Centro,3418.99,2096.62,4,33.0,9,1
RB-0475,51,Norte,3891.6,2825.39,3,39.1,7,0
RB-0476,59,Sur,3798.25,2122.89,21,173.1,84,1
RB-0477,62,Norte,1367.19,1049.69,15,138.2,23,0
RB-0478,18,Oeste,3071.4,2684.46,20,48.3,111,0
RB-0479,53,Centro,3713.96,2953.26,26,96.9,28,0
RB-0480,23,Este,1307.5,661.42,3,8.3,2,0
RB-0481,33,Sur,2792.89,2671.8,16,177.0,83,1
RB-0482,61,Sur,3046.46,1690.74,26,310.7,114,1
RB-0483,31,Sur,2529.31,2298.86,14,53.6,34,0
RB-0484,60,Este,1133.05,755.0,16,67.9,60,0
RB-0485,42,Este,2506.87,2305.46,15,83.1,26,0
RB-0486,30,Norte,2505.43,1437.52,28,248.9,40,1
RB-0487,35,Oeste,2666.73,1498.69,2,18.5,6,1
RB-0488,46,,2292.88,1715.57,27,272.3,66,1
RB-0489,58,Oeste,2401.29,1128.03,25,320.4,97,1
RB-0490,50,Norte,2764.26,1617.59,25,129.7,42,1
RB-0491,67,Sur,3198.21,2828.52,13,126.5,54,1
RB-0492,63,Este,2526.02,2405.86,16,135.9,75,1
RB-0493,57,Norte,2431.32,1211.94,12,63.9,17,0
RB-0494,49,Sur,2883.12,2823.29,8,102.7,6,1
RB-0495,33,Sur,1071.18,994.6,27,72.7,79,0
RB-0496,39,Norte,3229.33,3138.3,16,166.4,76,1
RB-0497,24,Este,2799.49,2432.92,22,233.2,90,0
RB-0498,37,Oeste,2835.72,2423.1,4,51.8,17,1
RB-0499,67,Oeste,3664.66,2803.67,24,191.6,65,0
RB-0500,40,Sur,1042.47,877.42,20,110.4,36,0
RB-0501,24,Centro,1023.55,1025.05,30,355.4,103,1
RB-0502,52,Norte,3046.42,1554.63,5,55.7,8,1
RB-0503,69,Norte,,1786.39,17,131.8,76,1
RB-0504,63,Norte,2953.16,1457.3,16,177.6,25,1
RB-0505,32,Oeste,2384.09,2424.34,17,82.4,36,0
RB-0506,42,Oeste,3397.92,2436.85,2,17.7,7,1
RB-0507,46,Este,3639.37,3112.41,15,184.7,48,1
RB-0508,31,Centro,3235.58,3088.92,9,49.3,34,0
RB-0509,32,Centro,2565.25,2679.66,19,143.3,55,0
RB-0510,30,Centro,903.08,494.05,7,93.7,39,1
RB-0511,70,Centro,3492.31,3246.83,14,160.7,72,1
RB-0512,57,Sur,3899.56,3831.14,19,239.2,101,1
RB-0513,62,Norte,3380.1,1620.17,2,12.6,8,1
RB-0514,61,Norte,2008.32,1812.42,24,335.0,96,1
RB-0515,68,Oeste,3406.41,2257.89,22,75.0,85,1
RB-0516,23,Centro,3574.48,2999.55,2,16.0,6,0
RB-0517,64,Oeste,4202.93,3187.62,2,15.0,5,0
RB-0518,21,Norte,2011.5,1218.66,26,298.5,98,1
RB-0519,43,Centro,2596.19,1378.92,9,115.7,6,1
RB-0520,49,Norte,3472.54,1806.31,26,276.6,14,1
RB-0521,36,Sur,2851.67,1460.04,15,140.0,78,1
RB-0522,25,,1794.41,1494.16,11,75.3,8,0
RB-0523,28,Norte,3173.15,2096.97,9,70.9,30,1
RB-0524,61,Oeste,3320.8,1926.0,20,157.3,78,1
RB-0525,34,Sur,2879.17,2490.86,4,7.0,6,0
RB-0526,34,Centro,2997.63,2584.29,13,101.2,71,1
RB-0527,66,Centro,2567.16,1985.7,11,134.2,17,1
RB-0528,25,Sur,4130.45,4175.78,5,51.8,27,1
RB-0529,66,Centro,1989.38,1355.26,11,125.9,52,1
RB-0530,66,Norte,2271.41,2161.29,16,102.1,29,0
RB-0531,49,Oeste,2809.89,1391.13,21,170.4,28,1
RB-0532,26,Este,3591.06,3210.04,3,5.8,7,0
RB-0533,26,Este,1452.36,1514.91,27,169.8,73,0
RB-0534,33,Centro,1620.73,1552.59,27,200.6,50,0
RB-0535,48,Norte,966.04,770.71,21,98.5,126,1
RB-0536,26,Oeste,2829.43,2337.28,28,52.9,49,0
RB-0537,42,Sur,1793.52,1187.26,13,131.7,66,1
RB-0538,24,Norte,2453.9,2104.69,25,173.5,34,0
RB-0539,46,Sur,3395.24,3097.26,22,147.3,130,1
RB-0540,19,Este,2222.61,2331.38,17,78.6,30,0
RB-0541,55,Centro,,2242.51,6,49.3,17,1
RB-0542,20,Este,2530.6,1231.85,17,118.6,61,1
RB-0543,28,Este,3404.9,2749.51,28,207.9,33,1
RB-0544,27,Norte,3227.62,1682.93,30,262.8,150,1
RB-0545,62,Oeste,2177.26,1299.52,14,22.1,28,0
RB-0546,20,Sur,2648.21,1714.1,8,102.8,28,1
RB-0547,40,Centro,3739.37,3322.87,23,54.9,81,0
RB-0548,49,Norte,,1767.16,3,21.4,11,1
RB-0549,45,Oeste,1542.73,847.66,5,20.5,4,0
RB-0550,54,Sur,3390.06,1616.99,17,136.8,24,1
RB-0551,60,Norte,1823.85,1776.33,30,150.1,42,0
RB-0552,38,Centro,4071.26,3526.13,10,122.5,22,1
RB-0553,61,Norte,3721.69,1763.96,14,90.4,18,1
RB-0554,34,Norte,3060.9,1429.36,10,94.8,56,1
RB-0555,70,Centro,2941.51,2309.69,14,64.6,46,0
RB-0556,44,Sur,2611.87,1618.11,1,1.7,4,0
RB-0557,57,Oeste,3410.67,2755.94,18,117.9,44,0
RB-0558,64,Sur,2466.3,1752.95,18,147.7,36,0
RB-0559,60,Este,3012.01,3024.02,10,72.4,33,0
RB-0560,63,Centro,3584.74,2232.17,8,108.2,17,1
RB-0561,46,Centro,2294.37,1967.39,23,237.7,55,1
RB-0562,20,Centro,2245.43,1083.27,6,83.7,18,1
RB-0563,44,Centro,,1765.64,2,10.4,7,0
RB-0564,27,Oeste,1841.97,1912.8,2,22.7,12,1
RB-0565,65,Sur,1154.44,1031.43,27,228.0,47,0
RB-0566,30,,3456.85,2520.48,11,100.6,35,1
RB-0567,30,Centro,4428.02,2577.09,4,55.3,5,1
RB-0568,31,Este,4082.8,3827.67,27,261.2,65,0
RB-0569,52,Norte,1336.52,1191.93,5,63.7,22,1
RB-0570,48,Sur,,2013.33,11,116.3,16,1
RB-0571,68,Oeste,4079.9,2940.5,1,3.1,4,0
RB-0572,40,Este,2388.87,1738.33,21,215.1,59,1
RB-0573,32,Oeste,2891.3,2734.73,21,158.6,16,0
RB-0574,20,Centro,992.9,854.2,23,298.7,130,1
RB-0575,18,Centro,3040.06,2541.19,8,92.7,22,1
RB-0576,37,Sur,1842.8,1547.76,10,28.0,48,0
RB-0577,67,Oeste,2979.67,1824.4,29,92.0,81,1
RB-0578,45,Sur,1394.92,938.82,25,59.3,141,0
RB-0579,65,Este,3288.57,1569.95,2,15.3,4,1
RB-0580,23,Sur,3722.06,3432.35,21,52.7,58,0
RB-0581,22,,2095.14,1487.13,25,263.6,117,0
RB-0582,62,Este,1776.77,1266.74,17,142.9,41,0
RB-0583,23,Centro,859.58,513.35,20,239.0,50,1
RB-0584,20,Oeste,2560.23,1473.81,1,5.0,6,1
RB-0585,39,Sur,2276.57,1827.39,1,8.0,4,1
RB-0586,67,Centro,1404.08,827.75,2,5.9,9,0
RB-0587,54,Sur,3207.72,1567.05,5,62.8,20,1
RB-0588,23,Sur,2395.03,2180.69,30,110.6,152,0
RB-0589,62,Sur,1831.84,1238.11,20,55.6,105,0
RB-0590,62,Norte,2300.88,1560.32,24,97.5,86,0
RB-0591,60,Norte,3764.17,2668.01,9,104.2,19,1
RB-0592,65,Centro,3342.64,3138.83,29,81.9,18,0
RB-0593,30,Centro,2682.98,1723.82,6,55.1,23,1
RB-0594,69,Centro,3357.19,3037.66,28,303.2,141,1
RB-0595,34,Norte,1755.18,1779.27,1,10.9,3,1
RB-0596,60,Sur,2829.13,2394.92,1,3.9,1,0
RB-0597,48,Norte,,2079.23,3,6.8,6,0
RB-0598,59,Este,2377.15,2136.28,24,170.6,79,0
RB-0599,51,Oeste,3191.91,2313.3,8,32.2,41,1
RB-0600,52,Norte,2097.61,1465.51,14,143.4,20,1
RB-0601,50,Centro,3258.84,2493.57,15,89.4,58,1
RB-0602,59,Norte,3296.67,2111.96,24,170.8,111,1
RB-0603,57,Sur,800.0,410.04,11,32.1,62,1
RB-0604,25,Norte,3871.28,2705.68,1,8.6,1,1
RB-0605,61,Sur,800.0,419.45,12,45.8,67,0
RB-0606,46,Centro,2245.56,1563.5,9,89.9,34,1
RB-0607,35,Oeste,3722.81,2919.28,22,52.6,104,1
RB-0608,45,Norte,2514.44,2535.63,23,315.1,18,1
RB-0609,69,Centro,1480.43,698.37,3,30.2,10,1
RB-0610,63,Este,1815.64,1494.04,24,90.5,94,0
RB-0611,62,Oeste,3724.22,2698.72,3,5.0,7,0
RB-0612,42,Centro,1070.65,494.81,19,107.9,55,0
RB-0613,59,Sur,3816.09,2288.62,12,40.9,43,1
RB-0614,38,Centro,2750.41,1433.21,10,42.3,35,1
RB-0615,54,Sur,1726.84,1001.7,15,186.1,11,1
RB-0616,51,Oeste,2275.2,1398.66,10,90.4,29,1
RB-0617,31,Sur,1884.5,1301.78,24,88.9,40,0
RB-0618,32,Centro,3579.6,2747.07,30,253.7,166,1
RB-0619,21,Norte,3459.19,1558.69,25,117.4,147,1
RB-0620,25,Sur,1252.75,685.41,14,191.8,30,1
RB-0621,40,Oeste,2436.77,1233.35,16,30.6,23,0
RB-0622,43,Centro,2023.13,1577.64,14,149.2,24,0
RB-0623,26,Sur,3964.16,2566.58,24,267.9,75,1
RB-0624,40,Oeste,1584.91,1234.71,17,39.8,90,0
RB-0625,50,Oeste,4243.81,2474.54,15,54.7,49,1
RB-0626,30,Sur,2770.03,1286.78,13,81.9,10,1
RB-0627,35,Centro,,1780.26,12,148.2,9,0
RB-0628,37,Centro,2190.45,1128.05,17,139.6,30,1
RB-0629,44,Centro,2078.54,1093.55,21,203.5,108,1
RB-0630,37,Sur,1652.84,889.11,13,146.7,51,1
RB-0631,57,Norte,2885.34,2997.19,25,296.3,90,1
RB-0632,35,Oeste,1694.88,1390.81,25,186.3,56,0
RB-0633,40,Oeste,837.67,683.68,13,102.2,73,1
RB-0634,38,Este,2458.29,2561.58,28,293.3,65,0
RB-0635,27,Oeste,1177.43,592.32,6,28.8,31,0
RB-0636,54,Este,2123.06,2196.73,28,341.1,152,1
RB-0637,30,Este,1981.81,1134.4,9,15.8,28,0
RB-0638,33,Este,2015.91,1660.79,17,67.1,92,1
RB-0639,60,Centro,4600.87,3230.04,9,103.5,18,1
RB-0640,68,Centro,,1939.58,14,80.5,58,0
RB-0641,53,Norte,3020.83,3047.25,11,37.1,11,0
RB-0642,66,Centro,1201.24,648.11,22,84.4,68,0
RB-0643,63,Sur,2211.43,2318.11,3,24.4,5,0
RB-0644,43,,2993.77,2028.2,26,314.0,22,1
RB-0645,58,Centro,1877.92,1576.07,28,66.7,15,0
RB-0646,35,Sur,3617.26,3728.47,17,32.0,39,0
RB-0647,42,Norte,1717.57,832.27,17,124.3,64,1
RB-0648,46,Este,2542.27,2551.72,21,282.5,63,1
RB-0649,68,Oeste,2272.55,1796.88,6,29.9,13,0
RB-0650,62,Norte,2947.89,2572.44,23,310.3,137,1
RB-0651,43,Norte,2223.56,1199.63,7,88.2,40,1
RB-0652,52,Sur,2556.2,1968.36,21,105.8,25,0
RB-0653,28,Este,2587.48,2209.99,10,117.1,28,1
RB-0654,60,Este,2139.05,1548.13,23,231.7,94,1
RB-0655,47,Norte,3236.58,1757.43,24,189.5,109,1
RB-0656,46,Este,3014.55,1798.09,7,47.5,18,0
RB-0657,58,Norte,2720.25,2618.61,19,222.2,87,0
RB-0658,51,Sur,2412.59,1135.56,15,171.2,18,1
RB-0659,21,Oeste,3516.89,3078.39,9,98.7,21,0
RB-0660,33,,2587.75,2716.19,18,251.6,80,1
RB-0661,27,Norte,2523.97,1147.12,30,224.4,118,0
RB-0662,56,Sur,2894.22,1582.06,1,11.6,5,1
RB-0663,19,Centro,4326.93,3697.3,29,356.1,22,0
RB-0664,28,Oeste,1593.68,774.52,26,107.8,38,0
RB-0665,49,Oeste,3492.87,2807.83,16,32.4,12,0
RB-0666,54,Norte,,943.13,19,124.6,30,0
RB-0667,44,Norte,2995.55,2405.09,12,146.5,6,1
RB-0668,63,Este,4217.57,2822.02,4,20.5,13,0
RB-0669,66,Sur,3239.8,2813.34,18,184.5,61,1
RB-0670,25,Oeste,2953.56,2382.27,25,39.8,103,0
RB-0671,68,Centro,,1319.01,7,41.6,18,1
RB-0672,50,Norte,2827.94,2228.08,22,202.3,11,0
RB-0673,51,Este,2573.14,2519.48,23,71.8,97,0
RB-0674,23,Norte,2092.62,1778.94,23,292.3,18,0
RB-0675,50,Sur,2539.11,1861.36,11,38.0,58,1
RB-0676,56,Centro,2978.54,1915.05,12,154.5,7,1
RB-0677,48,Centro,2109.5,1057.98,13,54.7,44,0
RB-0678,22,Centro,2074.35,1237.92,26,362.1,141,1
RB-0679,45,Centro,1575.78,719.68,28,253.7,102,1
RB-0680,67,Oeste,3151.65,3283.94,13,33.2,50,0
RB-0681,56,Oeste,3290.79,1920.14,30,69.5,127,1
RB-0682,25,Centro,3008.49,2824.75,18,43.9,21,0
RB-0683,68,Norte,3668.65,2022.11,12,106.5,51,1
RB-0684,68,Este,,1785.49,1,11.6,5,1
RB-0685,26,Oeste,3152.81,2210.01,19,124.2,111,1
RB-0686,60,Sur,3073.45,1981.28,20,141.2,59,1
RB-0687,39,Centro,2717.61,2524.69,30,266.0,72,0
RB-0688,49,Sur,2322.26,2379.42,22,179.6,102,0
RB-0689,41,Norte,4792.74,4673.77,1,10.1,3,0
RB-0690,59,Centro,2393.24,1297.49,18,133.2,34,1
RB-0691,70,,2200.71,2015.88,23,239.7,33,0
RB-0692,60,Este,3190.61,1719.0,15,209.5,22,1
RB-0693,67,Este,3026.67,3020.7,13,76.4,39,0
RB-0694,68,Este,1535.69,1168.24,25,41.3,36,0
RB-0695,22,Sur,3810.41,2483.73,19,58.3,12,0
RB-0696,31,Sur,2715.22,1477.66,21,176.8,17,0
RB-0697,56,Este,1800.16,822.83,14,81.2,79,1
RB-0698,49,Este,3869.91,2317.18,9,119.2,8,1
RB-0699,20,Centro,3363.11,3357.77,16,149.5,14,0
RB-0700,23,Oeste,1661.91,1542.85,29,232.1,86,0
RB-0701,45,Norte,4399.46,4539.7,19,218.0,35,0
RB-0702,50,Oeste,3392.92,1731.94,22,104.1,127,1
RB-0703,26,Norte,2790.82,2247.47,4,47.0,22,1
RB-0704,27,Norte,4231.2,2556.87,30,46.1,82,0
RB-0705,24,Centro,2943.37,2283.36,8,74.0,24,0
RB-0706,47,Norte,2774.73,1782.13,30,395.5,77,1
RB-0707,18,Norte,2205.73,1367.73,14,158.9,10,1
RB-0708,48,Norte,3323.67,2640.01,28,340.8,59,1
RB-0709,43,Sur,3228.94,1808.18,27,174.5,32,0
RB-0710,42,Este,2813.21,2057.81,23,271.5,24,0
RB-0711,54,Norte,2089.01,1755.79,28,234.8,100,0
RB-0712,45,Centro,2916.94,1536.96,19,175.4,20,1
RB-0713,56,Este,2737.18,2760.05,26,58.1,28,0
RB-0714,58,,1599.87,1205.4,6,24.1,19,0
RB-0715,66,Norte,1475.37,1389.38,3,25.2,9,0
RB-0716,60,Oeste,3308.64,2787.01,17,38.0,21,0
RB-0717,45,Este,800.0,700.8,25,269.2,13,0
RB-0718,44,Centro,2984.87,2625.73,23,276.0,36,1
RB-0719,30,Este,2369.73,2310.63,16,208.1,29,1
RB-0720,49,Norte,3977.42,3254.18,16,44.4,78,0
RB-0721,25,Sur,2355.88,1453.41,19,251.7,105,1
RB-0722,67,Este,3393.54,1729.71,27,63.3,74,0
RB-0723,62,Sur,2442.78,1987.81,26,193.1,71,0
RB-0724,24,Este,2902.37,1421.61,4,48.0,18,1
RB-0725,59,Centro,3463.15,2059.8,18,42.8,71,1
RB-0726,24,Este,2383.7,1159.49,12,20.7,18,0
RB-0727,56,Centro,3696.9,2881.11,24,43.5,26,0
RB-0728,22,Sur,1905.67,1040.88,16,126.3,47,1
RB-0729,43,Norte,3065.13,2501.9,30,349.3,108,1
RB-0730,52,Norte,3630.38,3356.36,13,40.2,16,0
RB-0731,56,Este,3394.03,3201.01,21,64.2,44,0
RB-0732,40,Norte,4524.8,2876.53,4,34.4,9,1
RB-0733,66,Norte,2112.9,1646.74,28,124.0,54,0
RB-0734,59,Norte,1558.77,1228.01,5,53.1,15,1
RB-0735,29,Norte,1905.1,1397.83,12,160.4,49,1
RB-0736,53,Este,3394.4,2861.71,26,288.0,86,1
RB-0737,56,Sur,3248.13,1871.09,30,373.9,48,1
RB-0738,35,Oeste,2892.03,3000.61,15,119.9,16,0
RB-0739,57,Norte,,910.5,15,178.6,75,1
RB-0740,65,Centro,3490.18,3307.06,2,7.6,6,0
RB-0741,61,Sur,,1369.18,30,70.6,25,0
RB-0742,58,Sur,3843.05,2293.97,1,9.7,2,1
RB-0743,51,Oeste,5371.69,4820.58,1,2.1,5,0
RB-0744,32,Oeste,3129.81,1567.06,15,189.8,70,1
RB-0745,60,Oeste,3324.8,3041.03,1,10.1,5,0
RB-0746,37,Norte,2356.43,1894.55,5,67.0,19,1
RB-0747,46,Norte,1170.81,604.67,19,103.0,54,1
RB-0748,34,Centro,2257.55,1123.59,22,166.7,63,1
RB-0749,34,Sur,1816.39,1635.66,9,96.9,14,0
RB-0750,26,Este,1497.7,937.2,24,108.8,98,0
RB-0751,68,Centro,,4278.7,19,157.2,71,0
RB-0752,25,Centro,,2763.08,7,68.2,9,0
RB-0753,22,Este,3141.72,2729.88,22,302.2,118,1
RB-0754,67,Este,2521.88,1556.41,18,194.6,45,1
RB-0755,47,Norte,2644.42,2314.84,25,74.4,19,0
RB-0756,41,Norte,3668.1,3737.39,5,37.2,12,1
RB-0757,57,Centro,2770.9,1399.13,7,62.0,37,1
RB-0758,38,Centro,3277.62,2116.35,10,33.3,55,0
RB-0759,24,Sur,2623.6,1550.03,11,75.9,35,0
RB-0760,56,Sur,2492.06,1709.43,27,136.4,156,1
RB-0761,27,Este,1533.78,1373.35,22,65.7,117,0
RB-0762,47,Este,1020.03,749.26,17,134.3,86,1
RB-0763,68,Centro,2564.59,2032.28,17,60.7,89,0
RB-0764,67,Sur,2850.85,1820.25,27,239.8,70,1
RB-0765,37,Sur,1642.48,878.35,14,50.7,65,0
RB-0766,59,Centro,2768.97,1689.52,7,73.8,26,1
RB-0767,50,Sur,2848.38,2750.99,5,19.7,22,0
RB-0768,43,Centro,859.59,697.51,10,127.0,15,0
RB-0769,25,Centro,1976.39,1337.61,20,36.6,90,1
RB-0770,37,Norte,,2925.7,15,120.4,87,1
RB-0771,52,,3148.35,1538.52,13,71.5,28,1
RB-0772,70,Norte,1761.69,1061.13,15,64.7,89,1
RB-0773,18,Oeste,2942.6,1730.43,30,221.9,77,0
RB-0774,56,Centro,3720.17,3873.51,30,360.8,48,0
RB-0775,62,Norte,,3057.26,5,64.7,6,1
RB-0776,68,Oeste,2714.24,2227.5,4,21.2,19,0
RB-0777,40,Centro,2378.82,1077.58,8,27.4,28,0
RB-0778,24,Centro,2233.59,1252.12,26,273.0,57,1
RB-0779,32,Oeste,,2677.73,14,122.8,54,1
RB-0780,63,Norte,2975.59,2016.95,26,104.3,60,1
RB-0781,64,Norte,3366.46,3381.84,20,220.1,59,1
RB-0782,51,Centro,2918.69,2652.61,17,135.8,89,1
RB-0783,24,Norte,3536.89,2541.01,9,87.0,38,1
RB-0784,24,Centro,2885.13,2595.78,11,65.9,52,0
RB-0785,43,Norte,3506.22,3629.79,5,34.9,19,0
RB-0786,49,Norte,3583.74,2603.9,16,60.1,95,0
RB-0787,19,Norte,2075.93,1734.47,9,98.6,16,0
RB-0788,54,Sur,1172.67,1174.08,9,31.2,17,0
RB-0789,46,Norte,4189.14,2510.15,2,22.5,2,1
RB-0790,18,Norte,3030.99,2976.23,24,275.4,85,1
RB-0791,23,Oeste,,639.2,29,314.1,112,0
RB-0792,42,Sur,2157.56,1810.34,15,26.1,67,1
RB-0793,56,Sur,3494.69,3214.08,17,83.5,40,0
RB-0794,61,Norte,2548.29,2086.45,28,205.9,16,1
RB-0795,40,Sur,2339.14,1748.09,16,143.1,64,0
RB-0796,33,Sur,4060.79,3331.51,19,246.8,114,1
RB-0797,69,Centro,1857.44,1004.87,13,80.5,28,0
RB-0798,42,Norte,2081.66,1205.99,16,199.0,24,1
RB-0799,34,Oeste,2990.25,1829.85,16,56.7,33,0
RB-0800,41,Oeste,,2548.44,22,135.1,62,0
RB-0801,18,Norte,3246.71,2321.85,19,40.9,36,0
RB-0802,34,Norte,3620.11,2160.07,16,172.5,39,1
RB-0803,45,Norte,2978.72,2918.21,3,10.1,12,0
RB-0804,66,Centro,3240.45,2185.21,28,132.0,67,1
RB-0805,57,Norte,2566.71,1841.92,27,302.1,72,1
RB-0806,59,Oeste,2856.43,1987.56,6,49.1,4,0
RB-0807,46,Este,2896.78,1619.78,9,15.1,50,0
RB-0808,23,Este,2993.59,2661.23,30,45.8,82,0
RB-0809,38,Centro,3495.29,2513.38,10,78.8,23,0
RB-0810,70,Oeste,,1517.02,25,132.8,24,1
RB-0811,20,Norte,2839.8,2920.47,24,90.1,96,0
RB-0812,64,Sur,2071.79,1946.36,26,238.4,137,1
RB-0813,54,Sur,2860.9,2529.42,1,4.4,1,0
RB-0814,33,Oeste,2774.78,2695.57,15,133.5,19,0
RB-0815,59,Centro,2973.86,2956.27,17,106.1,22,0
RB-0816,62,Este,4785.87,3122.75,26,99.7,99,1
RB-0817,20,Norte,2328.6,1901.48,7,22.6,39,0
RB-0818,23,Oeste,3180.06,2592.65,10,44.6,29,0
RB-0819,53,Centro,3761.62,2296.02,6,11.2,14,1
RB-0820,70,Centro,,1684.32,23,123.1,108,1
RB-0821,19,Oeste,4904.06,2541.99,30,383.2,138,1
RB-0822,53,Sur,,2079.94,5,59.5,9,0
RB-0823,25,Sur,3091.68,2839.87,7,43.1,10,0
RB-0824,52,Centro,2081.07,1886.64,10,87.0,25,1
RB-0825,51,Norte,2483.63,1588.94,27,232.0,129,1
RB-0826,22,Sur,3024.04,1733.25,14,166.0,61,1
RB-0827,54,Norte,3561.67,2572.13,9,40.1,37,1
RB-0828,65,Norte,3087.19,2402.11,10,52.0,51,1
RB-0829,63,Oeste,3933.2,3938.91,18,94.9,36,0
RB-0830,19,Centro,2714.53,2646.38,12,24.1,28,0
RB-0831,31,Sur,,2500.14,5,27.2,4,0
RB-0832,30,Sur,,5025.07,25,311.8,132,1
RB-0833,42,Sur,3154.81,3245.51,13,167.7,48,0
RB-0834,25,Centro,2152.47,1569.8,8,23.0,17,0
RB-0835,63,Oeste,2175.16,1040.78,22,159.0,19,0
RB-0836,59,Oeste,1951.59,976.06,23,144.1,103,1
RB-0837,60,Sur,3642.91,2492.35,5,38.1,23,1
RB-0838,28,Sur,2472.06,1494.64,3,25.3,12,1
RB-0839,18,Centro,2914.63,1608.77,2,3.5,3,0
RB-0840,66,Centro,2742.84,2802.97,23,276.6,127,1
RB-0841,33,Centro,3458.34,1961.75,19,259.7,88,1
RB-0842,52,Centro,2037.93,2090.16,24,232.0,99,1
RB-0843,66,Centro,1831.98,1660.7,19,185.4,78,1
RB-0844,19,Sur,3001.87,2505.26,13,105.3,71,1
RB-0845,18,Sur,3340.86,2858.48,18,102.2,101,0
RB-0846,18,Sur,,2011.08,22,74.0,83,0
RB-0847,26,Norte,2071.49,1735.61,12,105.6,34,0
RB-0848,20,Norte,3409.74,1916.33,28,57.7,70,1
RB-0849,61,Este,2130.53,2157.42,27,318.8,135,0
RB-0850,50,Sur,2330.62,1470.8,25,169.0,101,1
RB-0851,69,Norte,1950.44,1176.33,30,200.5,28,0
RB-0852,60,Centro,3971.04,3481.4,12,67.1,15,0
RB-0853,69,Este,3370.08,2843.91,4,54.5,22,1
RB-0854,30,Sur,3344.49,2410.64,15,55.3,80,1
RB-0855,33,Este,3922.49,3253.58,23,78.0,132,1
RB-0856,63,Oeste,5331.38,2909.31,24,85.7,68,1
RB-0857,30,Centro,1261.7,1077.49,12,116.8,58,1
RB-0858,21,,2135.46,1307.68,9,125.1,45,1
RB-0859,53,Norte,2245.44,1378.03,14,62.2,31,0
RB-0860,60,Oeste,2034.26,1113.37,25,320.5,32,1
RB-0861,69,Sur,1830.18,1188.57,2,10.0,12,1
RB-0862,67,Oeste,2530.31,1641.54,10,96.0,7,0
RB-0863,24,Centro,1705.06,1231.92,7,14.0,26,0
RB-0864,58,Norte,3101.54,1750.05,25,192.4,102,1
RB-0865,62,Norte,2846.53,1610.58,15,145.2,64,1
RB-0866,55,Centro,3232.93,2505.66,3,24.6,6,0
RB-0867,61,Centro,3256.96,1717.48,8,35.8,36,1
RB-0868,62,Norte,3342.71,2885.89,2,23.7,3,0
RB-0869,41,Este,2463.93,2504.26,15,204.4,76,1
RB-0870,20,Oeste,4709.03,3324.94,30,217.2,51,1
RB-0871,42,Centro,3010.99,2982.88,18,170.1,78,1
RB-0872,28,Centro,1123.76,571.98,27,307.3,130,1
RB-0873,24,Norte,1897.86,902.95,23,103.9,35,0
RB-0874,24,Este,1233.55,1089.0,27,332.3,49,0
RB-0875,54,Sur,2815.6,2552.66,10,50.0,48,1
RB-0876,44,Oeste,2690.38,2571.56,29,324.7,28,0
RB-0877,46,Sur,2378.42,1151.37,8,23.2,12,0
RB-0878,57,Centro,4609.83,4223.27,14,71.5,42,0
RB-0879,47,Sur,3294.08,2226.55,21,171.6,118,1
RB-0880,51,Norte,3453.49,2182.61,9,72.6,32,1
RB-0881,22,Este,1962.03,1086.6,8,97.0,21,1
RB-0882,63,Centro,1900.77,1991.26,4,55.8,24,1
RB-0883,41,Centro,2833.12,1383.12,1,2.8,3,0
RB-0884,26,Oeste,2955.71,2796.71,16,78.3,46,0
RB-0885,61,Oeste,1129.32,941.51,30,179.1,83,1
RB-0886,56,Oeste,2637.72,2350.34,7,52.4,16,1
RB-0887,20,Norte,2812.66,2466.79,14,107.4,32,0
RB-0888,28,Centro,2606.37,2515.31,29,353.9,124,1
RB-0889,18,Oeste,2067.95,1158.62,24,267.2,17,0
RB-0890,32,Sur,2314.42,1042.63,1,1.7,4,1
RB-0891,23,Norte,2640.83,2136.74,16,115.0,26,0
RB-0892,55,Este,2881.72,1908.61,5,46.1,13,1
RB-0893,45,Centro,,1753.33,8,58.0,10,1
RB-0894,69,Centro,3772.77,2119.1,8,25.1,28,0
RB-0895,57,Oeste,,1645.4,19,122.9,86,0
RB-0896,50,Centro,2389.46,1175.95,6,39.9,15,1
RB-0897,44,Sur,3193.89,1546.32,8,30.8,11,1
RB-0898,20,Sur,3349.76,3348.47,7,76.7,12,0
RB-0899,21,Sur,2409.22,1535.3,11,60.7,55,1
RB-0900,50,Norte,3511.35,3649.48,20,177.2,39,0
